article,supermarche,prix,unite,date_releve,source,statut,url,image_url
Riz parfumé 5kg,Carrefour,,kg,,manuel,a_verifier,,
Riz parfumé 5kg,Cap Sud,,kg,,manuel,a_verifier,,
Riz parfumé 5kg,Casino,,kg,,manuel,a_verifier,,
Riz brisé 5kg,Carrefour,,kg,,manuel,a_verifier,,
Riz brisé 5kg,Cap Sud,,kg,,manuel,a_verifier,,
Riz brisé 5kg,Casino,,kg,,manuel,a_verifier,,
Huile végétale 1L,Carrefour,,L,,manuel,a_verifier,,
Huile végétale 1L,Cap Sud,,L,,manuel,a_verifier,,
Huile végétale 1L,Casino,,L,,manuel,a_verifier,,
Huile végétale 5L,Carrefour,,L,,manuel,a_verifier,,
Huile végétale 5L,Cap Sud,,L,,manuel,a_verifier,,
Huile végétale 5L,Casino,,L,,manuel,a_verifier,,
Sucre en poudre 1kg,Carrefour,,kg,,manuel,a_verifier,,
Sucre en poudre 1kg,Cap Sud,,kg,,manuel,a_verifier,,
Sucre en poudre 1kg,Casino,,kg,,manuel,a_verifier,,
Farine de blé 1kg,Carrefour,,kg,,manuel,a_verifier,,
Farine de blé 1kg,Cap Sud,,kg,,manuel,a_verifier,,
Farine de blé 1kg,Casino,,kg,,manuel,a_verifier,,
Spaghetti 500g,Carrefour,,kg,,manuel,a_verifier,,
Spaghetti 500g,Cap Sud,,kg,,manuel,a_verifier,,
Spaghetti 500g,Casino,,kg,,manuel,a_verifier,,
Sel fin 1kg,Carrefour,,kg,,manuel,a_verifier,,
Sel fin 1kg,Cap Sud,,kg,,manuel,a_verifier,,
Sel fin 1kg,Casino,,kg,,manuel,a_verifier,,
Lait en poudre 400g,Carrefour,,kg,,manuel,a_verifier,,
Lait en poudre 400g,Cap Sud,,kg,,manuel,a_verifier,,
Lait en poudre 400g,Casino,,kg,,manuel,a_verifier,,
Lait concentré sucré 397g,Carrefour,,kg,,manuel,a_verifier,,
Lait concentré sucré 397g,Cap Sud,,kg,,manuel,a_verifier,,
Lait concentré sucré 397g,Casino,,kg,,manuel,a_verifier,,
Lait UHT demi-écrémé 1L,Carrefour,,L,,manuel,a_verifier,,
Lait UHT demi-écrémé 1L,Cap Sud,,L,,manuel,a_verifier,,
Lait UHT demi-écrémé 1L,Casino,,L,,manuel,a_verifier,,
Concentré de tomate 400g,Carrefour,,kg,,manuel,a_verifier,,
Concentré de tomate 400g,Cap Sud,,kg,,manuel,a_verifier,,
Concentré de tomate 400g,Casino,,kg,,manuel,a_verifier,,
Sardines à l'huile 125g,Carrefour,,kg,,manuel,a_verifier,,
Sardines à l'huile 125g,Cap Sud,,kg,,manuel,a_verifier,,
Sardines à l'huile 125g,Casino,,kg,,manuel,a_verifier,,
Maquereau en boîte 155g,Carrefour,,kg,,manuel,a_verifier,,
Maquereau en boîte 155g,Cap Sud,,kg,,manuel,a_verifier,,
Maquereau en boîte 155g,Casino,,kg,,manuel,a_verifier,,
Oeufs plaquette de 30,Carrefour,,unité,,manuel,a_verifier,,
Oeufs plaquette de 30,Cap Sud,,unité,,manuel,a_verifier,,
Oeufs plaquette de 30,Casino,,unité,,manuel,a_verifier,,
Pain baguette,Carrefour,,unité,,manuel,a_verifier,,
Pain baguette,Cap Sud,,unité,,manuel,a_verifier,,
Pain baguette,Casino,,unité,,manuel,a_verifier,,
Beurre 250g,Carrefour,,kg,,manuel,a_verifier,,
Beurre 250g,Cap Sud,,kg,,manuel,a_verifier,,
Beurre 250g,Casino,,kg,,manuel,a_verifier,,
Margarine 500g,Carrefour,,kg,,manuel,a_verifier,,
Margarine 500g,Cap Sud,,kg,,manuel,a_verifier,,
Margarine 500g,Casino,,kg,,manuel,a_verifier,,
Café soluble 200g,Carrefour,,kg,,manuel,a_verifier,,
Café soluble 200g,Cap Sud,,kg,,manuel,a_verifier,,
Café soluble 200g,Casino,,kg,,manuel,a_verifier,,
"Eau minérale 1,5L",Carrefour,,L,,manuel,a_verifier,,
"Eau minérale 1,5L",Cap Sud,,L,,manuel,a_verifier,,
"Eau minérale 1,5L",Casino,,L,,manuel,a_verifier,,
Jus d'orange 1L,Carrefour,,L,,manuel,a_verifier,,
Jus d'orange 1L,Cap Sud,,L,,manuel,a_verifier,,
Jus d'orange 1L,Casino,,L,,manuel,a_verifier,,
Poulet entier congelé 1kg,Carrefour,,kg,,manuel,a_verifier,,
Poulet entier congelé 1kg,Cap Sud,,kg,,manuel,a_verifier,,
Poulet entier congelé 1kg,Casino,,kg,,manuel,a_verifier,,
Oignons 1kg,Carrefour,,kg,,manuel,a_verifier,,
Oignons 1kg,Cap Sud,,kg,,manuel,a_verifier,,
Oignons 1kg,Casino,,kg,,manuel,a_verifier,,
Tomates fraîches 1kg,Carrefour,,kg,,manuel,a_verifier,,
Tomates fraîches 1kg,Cap Sud,,kg,,manuel,a_verifier,,
Tomates fraîches 1kg,Casino,,kg,,manuel,a_verifier,,
Pommes de terre 1kg,Carrefour,,kg,,manuel,a_verifier,,
Pommes de terre 1kg,Cap Sud,,kg,,manuel,a_verifier,,
Pommes de terre 1kg,Casino,,kg,,manuel,a_verifier,,
Igname 1kg,Carrefour,,kg,,manuel,a_verifier,,
Igname 1kg,Cap Sud,,kg,,manuel,a_verifier,,
Igname 1kg,Casino,,kg,,manuel,a_verifier,,
Banane plantain 1kg,Carrefour,,kg,,manuel,a_verifier,,
Banane plantain 1kg,Cap Sud,,kg,,manuel,a_verifier,,
Banane plantain 1kg,Casino,,kg,,manuel,a_verifier,,
Attiéké 500g,Carrefour,,kg,,manuel,a_verifier,,
Attiéké 500g,Cap Sud,,kg,,manuel,a_verifier,,
Attiéké 500g,Casino,,kg,,manuel,a_verifier,,
Cubes de bouillon (boîte de 100),Carrefour,,unité,,manuel,a_verifier,,
Cubes de bouillon (boîte de 100),Cap Sud,,unité,,manuel,a_verifier,,
Cubes de bouillon (boîte de 100),Casino,,unité,,manuel,a_verifier,,
Savon de ménage (pain),Carrefour,,unité,,manuel,a_verifier,,
Savon de ménage (pain),Cap Sud,,unité,,manuel,a_verifier,,
Savon de ménage (pain),Casino,,unité,,manuel,a_verifier,,
